PO #,PO rev.,SO #,Customer,Project,Operator,Total value,Total value currency,PO received date,PO category id,PO receipt Started,PO receipt Done,OM Coordinator Assigned,OM Coordinator Started,OM Coordinator Done,Technical order processing Assigned,Technical order processing Started,Technical order processing Done,Handover meeting Assigned,Handover meeting Started,Handover meeting Done,Delivery Assigned
45320119,4,853001,Scotland,PROJ001,OPERATOR AA,95815,NOK,7/7/2020,1,7/9/2020,7/9/2020,,7/9/2020,7/13/2020,7/9/2020,7/14/2020,7/14/2020,9/2/2020,9/2/2020,9/2/2020,9/2/2020
4500427126,6,853002,Brasil,PROJ002,OPERATOR BB,286184,NOK,9/3/2020,2,9/4/2020,9/4/2020,,9/7/2020,9/15/2020,9/7/2020,9/10/2020,9/10/2020,9/10/2020,9/10/2020,9/10/2020,9/10/2020
829545,1,853003,Brasil,PROJ003,OPERATOR CC,25000,NOK,8/3/2020,2,8/10/2020,8/10/2020,8/13/2020,8/28/2020,9/30/2020,9/30/2020,9/30/2020,10/14/2020,9/30/2020,9/30/2020,9/30/2020,9/30/2020
4500222344,33,853004,Spain,PROJ004,OPERATOR DD,0,NOK,5/26/2020,2,6/15/2020,6/15/2020,,6/15/2020,6/26/2020,6/15/2020,6/24/2020,6/24/2020,6/17/2020,6/11/2020,6/11/2020,6/30/2020
4400017456,7,853005,Spain,PROJ005,OPERATOR EE,312986,NOK,6/19/2020,1,6/24/2020,6/24/2020,,6/30/2020,6/30/2020,6/30/2020,8/4/2020,8/10/2020,6/30/2020,6/30/2020,6/30/2020,6/30/2020
4888691,2,853006,Spain,PROJ006,OPERATOR FF,11000,NOK,7/9/2020,0,7/9/2020,7/9/2020,,7/10/2020,7/10/2020,7/10/2020,7/10/2020,7/10/2020,7/10/2020,7/10/2020,7/10/2020,7/10/2020
4500354878,19,853007,Spain,PROJ007,OPERATOR GG,119709,NOK,11/5/2020,1,11/5/2020,11/5/2020,,11/10/2020,11/12/2020,11/11/2020,11/11/2020,11/11/2020,11/16/2020,11/16/2020,11/16/2020,11/16/2020
4500368737,4,853008,Scotland,PROJ008,OPERATOR AA,0,NOK,8/12/2020,2,8/14/2020,8/14/2020,8/18/2020,8/18/2020,9/1/2020,8/18/2020,8/28/2020,9/1/2020,9/1/2020,9/1/2020,9/1/2020,9/1/2020
4512594861,2,853009,Sweden,PROJ009,OPERATOR BB,232800,NOK,6/3/2020,2,6/3/2020,6/3/2020,6/4/2020,6/4/2020,6/16/2020,6/4/2020,6/15/2020,6/15/2020,6/16/2020,6/16/2020,6/16/2020,6/16/2020
4500373391,5,853010,Scotland,PROJ010,OPERATOR CC,0,NOK,6/15/2020,2,6/30/2020,6/30/2020,,6/30/2020,7/16/2020,6/30/2020,7/3/2020,7/3/2020,7/16/2020,7/16/2020,9/2/2020,7/16/2020
4500376337,7,853011,Spain,PROJ011,OPERATOR DD,941600,NOK,8/26/2020,1,8/26/2020,8/26/2020,,9/2/2020,9/10/2020,9/2/2020,9/2/2020,9/2/2020,9/10/2020,9/10/2020,9/10/2020,9/10/2020
4512618226,17,853012,Sweden,PROJ012,OPERATOR EE,970100,NOK,7/7/2020,2,7/7/2020,7/7/2020,,7/8/2020,8/12/2020,7/8/2020,8/12/2020,8/12/2020,8/12/2020,8/12/2020,8/12/2020,8/12/2020
828800,6,853013,Brasil,PROJ013,OPERATOR FF,6000,NOK,12/10/2020,0,12/10/2020,12/10/2020,12/10/2020,12/10/2020,12/10/2020,12/10/2020,12/10/2020,12/10/2020,12/10/2020,12/10/2020,12/10/2020,12/10/2020
4500383711,10,853014,Spain,PROJ014,OPERATOR GG,1654100,NOK,6/2/2020,0,6/4/2020,6/4/2020,6/4/2020,6/4/2020,6/4/2020,6/4/2020,6/4/2020,6/4/2020,6/4/2020,6/4/2020,6/4/2020,6/4/2020
4500385735,6,853015,Brasil,PROJ015,OPERATOR AA,674426.67,NOK,5/4/2020,2,5/15/2020,5/15/2020,,5/26/2020,6/3/2020,5/26/2020,6/10/2020,6/10/2020,5/28/2020,6/3/2020,6/3/2020,6/4/2020
4512648400,2,853016,Sweden,PROJ016,OPERATOR BB,5200,NOK,6/29/2020,0,6/29/2020,6/29/2020,6/30/2020,6/30/2020,7/1/2020,6/30/2020,6/30/2020,6/30/2020,6/30/2020,7/1/2020,7/2/2020,6/30/2020
4500385814,12,853017,Texas,PROJ017,OPERATOR CC,115745,NOK,11/23/2020,1,11/25/2020,11/25/2020,,11/25/2020,12/1/2020,11/25/2020,11/25/2020,11/25/2020,11/26/2020,12/1/2020,12/1/2020,11/26/2020
4500387693,3,853018,Scotland,PROJ018,OPERATOR DD,425484,NOK,6/18/2020,1,6/22/2020,6/22/2020,6/23/2020,6/23/2020,9/4/2020,6/23/2020,7/3/2020,7/3/2020,9/4/2020,9/4/2020,9/4/2020,9/4/2020
4500394106,1,853019,China,PROJ019,OPERATOR EE,1414770,NOK,3/5/2020,2,3/28/2020,3/31/2020,3/31/2020,5/27/2020,5/27/2020,3/31/2020,5/19/2020,5/19/2020,5/27/2020,5/27/2020,5/27/2020,6/30/2020
4500395808,2,853020,Spain,PROJ020,OPERATOR FF,1308256,NOK,5/18/2020,1,5/18/2020,5/18/2020,,5/20/2020,5/25/2020,5/20/2020,5/20/2020,5/20/2020,5/25/2020,5/25/2020,5/25/2020,6/4/2020
2020,1,853021,Norway,PROJ021,OPERATOR GG,3100,NOK,8/24/2020,0,8/24/2020,8/24/2020,8/26/2020,8/26/2020,8/26/2020,8/26/2020,8/26/2020,8/26/2020,8/26/2020,8/26/2020,9/4/2020,8/26/2020
4512699866,1,853022,Sweden,PROJ022,OPERATOR AA,165600,NOK,5/15/2020,0,5/18/2020,5/19/2020,5/20/2020,5/20/2020,5/20/2020,5/20/2020,5/20/2020,5/20/2020,5/20/2020,5/20/2020,5/20/2020,6/24/2020
4512000129,2,853023,UK,PROJ023,OPERATOR BB,859247,NOK,8/5/2020,2,8/11/2020,8/11/2020,,8/11/2020,8/18/2020,8/11/2020,8/12/2020,8/13/2020,8/18/2020,8/18/2020,8/18/2020,8/18/2020
4512709555,4,853024,Sweden,PROJ024,OPERATOR CC,80000,NOK,5/14/2020,1,6/15/2020,6/15/2020,,6/15/2020,6/17/2020,6/15/2020,6/16/2020,6/16/2020,6/16/2020,6/15/2020,6/15/2020,6/24/2020
4512729886,2,853025,Sweden,PROJ025,OPERATOR DD,831300,NOK,6/10/2020,2,6/11/2020,6/11/2020,6/11/2020,6/11/2020,9/3/2020,6/11/2020,6/18/2020,7/2/2020,6/19/2020,9/3/2020,9/3/2020,9/3/2020
4500412440,3,853026,Scotland,PROJ026,OPERATOR EE,20000,NOK,5/5/2020,0,5/6/2020,5/6/2020,,5/20/2020,9/2/2020,5/27/2020,8/13/2020,8/13/2020,9/2/2020,9/2/2020,9/2/2020,9/2/2020
4500411140,6,853027,Brasil,PROJ027,OPERATOR FF,153339,NOK,8/4/2020,2,8/10/2020,8/10/2020,,8/27/2020,8/27/2020,8/27/2020,8/27/2020,8/27/2020,8/27/2020,8/27/2020,9/4/2020,8/27/2020
829102,2,853028,Brasil,PROJ028,OPERATOR GG,71600,NOK,6/11/2020,0,6/11/2020,6/11/2020,6/11/2020,6/11/2020,7/2/2020,6/11/2020,6/22/2020,6/22/2020,6/19/2020,6/19/2020,7/2/2020,6/19/2020
4500414145,1,853029,Scotland,PROJ029,OPERATOR AA,229325,NOK,4/28/2020,2,5/6/2020,5/6/2020,5/8/2020,5/8/2020,6/3/2020,5/11/2020,5/18/2020,6/10/2020,6/3/2020,6/3/2020,6/3/2020,6/5/2020
4500414471,1,853030,Brasil,PROJ030,OPERATOR BB,10000,NOK,4/28/2020,0,5/6/2020,5/6/2020,5/8/2020,5/8/2020,5/19/2020,5/11/2020,5/18/2020,5/18/2020,5/19/2020,5/19/2020,5/19/2020,6/17/2020
4500414717,1,853031,Scotland,PROJ031,OPERATOR CC,154347,NOK,4/29/2020,2,5/6/2020,5/6/2020,5/11/2020,5/11/2020,6/10/2020,5/14/2020,6/10/2020,6/10/2020,6/8/2020,6/8/2020,6/8/2020,6/8/2020
4500415159,1,853032,Scotland,PROJ032,OPERATOR DD,1276374,NOK,4/30/2020,2,5/6/2020,5/6/2020,5/11/2020,5/12/2020,6/29/2020,5/14/2020,5/15/2020,6/26/2020,6/30/2020,6/30/2020,7/2/2020,6/30/2020
829262,1,853033,Scotland,PROJ033,OPERATOR EE,53700,NOK,5/13/2020,0,5/13/2020,5/13/2020,5/14/2020,5/14/2020,5/20/2020,5/14/2020,5/19/2020,5/19/2020,5/20/2020,5/20/2020,5/20/2020,6/24/2020
4500417651,1,853034,Spain,PROJ034,OPERATOR FF,15000,NOK,5/11/2020,1,5/15/2020,5/15/2020,5/18/2020,5/18/2020,5/19/2020,5/18/2020,5/18/2020,5/19/2020,5/19/2020,5/19/2020,5/19/2020,6/17/2020
203269,1,853035,France,PROJ035,OPERATOR GG,43500,NOK,4/18/2020,0,5/19/2020,5/19/2020,,5/19/2020,5/19/2020,5/19/2020,5/19/2020,5/19/2020,5/19/2020,5/19/2020,5/19/2020,6/4/2020
4512753376,2,853036,Sweden,PROJ036,OPERATOR EE,6900,NOK,6/30/2020,0,6/30/2020,6/30/2020,7/1/2020,7/1/2020,7/1/2020,7/1/2020,7/1/2020,7/1/2020,7/1/2020,7/1/2020,7/1/2020,7/1/2020
60001335,1,853037,Singapor,PROJ037,OPERATOR FF,773060,NOK,5/15/2020,2,5/18/2020,5/18/2020,,5/25/2020,6/8/2020,5/25/2020,6/2/2020,6/2/2020,6/3/2020,6/3/2020,6/8/2020,6/8/2020
4500422054,6,853038,Spain,PROJ038,OPERATOR GG,523639,NOK,7/10/2020,2,7/14/2020,7/14/2020,,8/11/2020,9/15/2020,8/11/2020,9/14/2020,10/1/2020,9/14/2020,9/14/2020,9/15/2020,9/15/2020
829310,1,853039,Brasil,PROJ039,OPERATOR AA,57800,NOK,5/28/2020,0,5/28/2020,5/28/2020,5/29/2020,5/29/2020,6/4/2020,5/29/2020,5/29/2020,5/29/2020,6/4/2020,6/4/2020,6/4/2020,6/24/2020
4512767589,0,853040,Sweden,PROJ040,OPERATOR BB,88000,NOK,6/3/2020,1,6/3/2020,6/3/2020,6/4/2020,6/4/2020,7/2/2020,6/4/2020,6/11/2020,6/11/2020,6/19/2020,6/19/2020,7/2/2020,6/19/2020
4512159524,1,853041,UK,PROJ041,OPERATOR CC,2537460,NOK,6/4/2020,2,6/4/2020,6/4/2020,6/5/2020,6/5/2020,9/2/2020,6/5/2020,8/12/2020,8/12/2020,9/2/2020,9/2/2020,9/2/2020,9/2/2020
4500423099,2,853042,Scotland,PROJ042,OPERATOR DD,392638,NOK,5/29/2020,2,6/4/2020,6/4/2020,,6/8/2020,7/3/2020,6/9/2020,6/19/2020,7/2/2020,7/2/2020,7/13/2020,9/7/2020,7/13/2020
4512767598,0,853043,Sweden,PROJ043,OPERATOR EE,196880,NOK,6/3/2020,2,6/7/2020,6/7/2020,6/8/2020,6/8/2020,9/3/2020,6/8/2020,6/23/2020,6/24/2020,9/3/2020,9/3/2020,9/3/2020,9/3/2020
829340,1,853044,Brasil,PROJ044,OPERATOR FF,5100,NOK,6/8/2020,0,6/8/2020,6/8/2020,6/8/2020,6/11/2020,6/11/2020,6/11/2020,6/11/2020,6/11/2020,6/11/2020,6/11/2020,6/11/2020,6/11/2020
4512771740,1,853045,Sweden,PROJ045,OPERATOR GG,14000,NOK,6/9/2020,0,6/9/2020,6/9/2020,6/9/2020,6/9/2020,9/2/2020,6/10/2020,6/10/2020,6/10/2020,6/10/2020,6/10/2020,6/10/2020,6/10/2020
7129,3,853046,Germany,PROJ046,OPERATOR EE,712548,NOK,6/4/2020,2,6/9/2020,6/9/2020,6/10/2020,6/10/2020,9/2/2020,6/10/2020,6/12/2020,6/24/2020,6/23/2020,6/23/2020,7/2/2020,6/23/2020
445601981,0,853047,Germany,PROJ047,OPERATOR FF,384000,NOK,6/8/2020,2,6/10/2020,6/10/2020,6/10/2020,6/10/2020,6/26/2020,6/10/2020,6/11/2020,6/26/2020,6/30/2020,6/30/2020,9/2/2020,6/30/2020
4500425479,2,853048,Scotland,PROJ048,OPERATOR GG,200891,NOK,6/8/2020,1,6/10/2020,6/10/2020,,6/11/2020,7/2/2020,6/11/2020,6/12/2020,6/25/2020,7/2/2020,7/2/2020,7/2/2020,7/2/2020
4500422655,1,853049,Brasil,PROJ049,OPERATOR AA,10000,NOK,6/10/2020,1,6/10/2020,6/10/2020,,6/11/2020,6/16/2020,6/11/2020,6/11/2020,6/11/2020,6/16/2020,6/16/2020,6/16/2020,6/16/2020
4500422655,3,853050,Brasil,PROJ050,OPERATOR BB,28496,NOK,7/9/2020,2,7/9/2020,7/9/2020,,7/10/2020,7/16/2020,7/10/2020,7/15/2020,7/15/2020,7/16/2020,7/16/2020,7/16/2020,7/16/2020
4500425007,3,853051,Brasil,PROJ051,OPERATOR CC,100000,NOK,6/10/2020,2,6/10/2020,6/10/2020,,6/11/2020,9/2/2020,6/11/2020,6/12/2020,6/12/2020,6/30/2020,6/30/2020,6/30/2020,9/17/2020
4512772887,0,853052,Sweden,PROJ052,OPERATOR DD,195925,NOK,6/10/2020,2,6/12/2020,6/15/2020,6/15/2020,6/15/2020,7/8/2020,6/15/2020,7/2/2020,7/3/2020,7/8/2020,7/8/2020,7/8/2020,7/8/2020
4500899373,0,853053,Scotland,PROJ053,OPERATOR EE,175664,NOK,6/10/2020,2,6/10/2020,6/10/2020,,6/15/2020,6/26/2020,6/15/2020,6/23/2020,6/24/2020,6/29/2020,6/29/2020,6/29/2020,6/29/2020
829357,1,853054,Brasil,PROJ054,OPERATOR FF,20300,NOK,6/16/2020,0,6/16/2020,6/16/2020,6/17/2020,6/17/2020,6/17/2020,6/17/2020,6/19/2020,6/24/2020,6/17/2020,6/17/2020,6/17/2020,6/17/2020
4500427126,4,853055, Brasil,PROJ055,OPERATOR GG,40000,NOK,6/15/2020,2,6/16/2020,6/16/2020,,6/17/2020,6/23/2020,6/17/2020,6/23/2020,6/23/2020,6/23/2020,6/23/2020,6/23/2020,6/23/2020
4512184031,1,853056,Sweden,PROJ056,OPERATOR EE,0,NOK,6/16/2020,0,6/19/2020,6/19/2020,6/22/2020,6/22/2020,7/2/2020,6/23/2020,6/23/2020,6/23/2020,6/23/2020,6/23/2020,7/2/2020,6/23/2020
4500430027,1,853057,Spain,PROJ057,OPERATOR FF,1261400,NOK,6/22/2020,1,6/22/2020,6/22/2020,,6/23/2020,7/1/2020,6/23/2020,6/26/2020,6/26/2020,6/29/2020,7/1/2020,7/1/2020,7/1/2020
829411,1,853058,Brasil,PROJ058,OPERATOR GG,7500,NOK,6/24/2020,0,6/24/2020,6/24/2020,6/24/2020,6/24/2020,7/3/2020,6/24/2020,6/24/2020,6/26/2020,6/24/2020,7/3/2020,7/3/2020,6/24/2020
829412,1,853059,Brasil,PROJ059,OPERATOR AA,35800,NOK,6/24/2020,0,6/24/2020,6/24/2020,6/24/2020,6/24/2020,7/1/2020,6/24/2020,6/26/2020,6/26/2020,6/24/2020,7/1/2020,7/2/2020,6/24/2020
4500431620,3,853060,Brasil,PROJ060,OPERATOR BB,42273,NOK,6/29/2020,2,6/30/2020,6/30/2020,6/30/2020,6/30/2020,9/2/2020,6/30/2020,8/6/2020,8/6/2020,6/30/2020,9/2/2020,9/2/2020,6/30/2020
829421,1,853061,Brasil,PROJ061,OPERATOR CC,31700,NOK,6/25/2020,0,6/29/2020,6/29/2020,6/30/2020,6/30/2020,6/30/2020,6/30/2020,6/30/2020,6/30/2020,6/30/2020,6/30/2020,6/30/2020,6/30/2020
35427758,1,853062,UK,PROJ062,OPERATOR DD,12.06,NOK,6/26/2020,2,6/29/2020,6/29/2020,,6/29/2020,7/7/2020,6/30/2020,7/1/2020,7/2/2020,7/2/2020,7/8/2020,7/8/2020,7/8/2020
35427759,1,853063,UK,PROJ063,OPERATOR EE,12.06,NOK,6/26/2020,2,6/29/2020,6/29/2020,,6/29/2020,7/7/2020,6/30/2020,7/1/2020,7/2/2020,7/2/2020,7/8/2020,7/8/2020,7/8/2020
35427761,1,853064,UK,PROJ064,OPERATOR FF,12.06,NOK,6/26/2020,2,6/29/2020,6/29/2020,,6/29/2020,7/7/2020,6/30/2020,7/1/2020,7/2/2020,7/2/2020,7/8/2020,7/8/2020,7/8/2020
35427762,1,853065,UK,PROJ065,OPERATOR GG,12.06,NOK,6/26/2020,2,6/29/2020,6/29/2020,6/29/2020,6/29/2020,7/7/2020,6/30/2020,7/1/2020,7/2/2020,7/2/2020,7/8/2020,7/8/2020,7/8/2020
35427763,1,853066,UK,PROJ066,OPERATOR EE,12.06,NOK,6/26/2020,2,6/29/2020,6/29/2020,,6/29/2020,7/7/2020,6/30/2020,7/1/2020,7/2/2020,7/2/2020,7/8/2020,7/8/2020,7/8/2020
60001366,1,853067,Singapor,PROJ067,OPERATOR FF,541809,NOK,6/29/2020,2,6/29/2020,6/29/2020,6/30/2020,6/30/2020,7/8/2020,7/1/2020,8/5/2020,8/6/2020,7/8/2020,7/8/2020,7/8/2020,7/8/2020
4500431027,1,853068,Brasil,PROJ068,OPERATOR GG,1286772,NOK,6/24/2020,2,6/29/2020,6/29/2020,,7/1/2020,8/17/2020,7/1/2020,8/7/2020,8/14/2020,8/17/2020,8/17/2020,8/18/2020,8/17/2020
4500428711,1,853069,Brasil,PROJ069,OPERATOR AA,3000,NOK,6/17/2020,2,6/29/2020,6/29/2020,,7/2/2020,9/2/2020,7/6/2020,8/17/2020,8/17/2020,7/9/2020,7/9/2020,9/2/2020,9/17/2020
4500431433,2,853070,Scotland,PROJ070,OPERATOR BB,1759000,NOK,6/30/2020,1,6/30/2020,6/30/2020,,7/1/2020,7/16/2020,7/1/2020,7/15/2020,7/15/2020,7/16/2020,7/16/2020,7/16/2020,7/16/2020
4512789175,0,853071,Sweden,PROJ071,OPERATOR CC,362800,NOK,7/2/2020,1,7/2/2020,7/2/2020,7/2/2020,7/2/2020,7/8/2020,7/2/2020,7/2/2020,7/2/2020,7/8/2020,7/8/2020,7/8/2020,7/8/2020
7341,1,853072,Germany,PROJ072,OPERATOR DD,1246648,NOK,7/1/2020,2,7/2/2020,7/2/2020,7/2/2020,8/26/2020,8/26/2020,7/3/2020,8/6/2020,8/28/2020,8/26/2020,8/26/2020,8/26/2020,8/26/2020
829451,1,853073,Brasil,PROJ073,OPERATOR EE,7300,NOK,7/2/2020,0,7/2/2020,7/7/2020,7/3/2020,7/3/2020,7/3/2020,7/3/2020,7/3/2020,7/3/2020,7/3/2020,7/3/2020,7/3/2020,7/3/2020
4512791729,2,853074,Sweden,PROJ074,OPERATOR FF,7300232,NOK,7/7/2020,2,7/7/2020,7/7/2020,7/7/2020,7/7/2020,7/17/2020,7/7/2020,7/14/2020,7/15/2020,7/15/2020,7/15/2020,7/15/2020,7/15/2020
829449,2,853075,Brasil,PROJ075,OPERATOR GG,336060,NOK,7/3/2020,2,7/3/2020,7/7/2020,7/3/2020,8/24/2020,8/25/2020,8/13/2020,8/21/2020,8/21/2020,8/24/2020,8/24/2020,8/25/2020,8/25/2020
205194,1,853076,France,PROJ076,OPERATOR EE,108500,NOK,7/7/2020,0,7/7/2020,7/7/2020,7/7/2020,7/7/2020,7/8/2020,7/7/2020,7/7/2020,7/8/2020,7/8/2020,7/8/2020,7/8/2020,7/8/2020
4512794458,1,853077,Sweden,PROJ077,OPERATOR FF,5429200,NOK,7/7/2020,2,7/7/2020,7/7/2020,7/7/2020,7/7/2020,9/2/2020,7/7/2020,8/4/2020,8/12/2020,8/7/2020,8/7/2020,9/2/2020,8/7/2020
4512792818,0,853078,Sweden,PROJ078,OPERATOR GG,1566596,NOK,7/3/2020,2,7/7/2020,7/7/2020,7/9/2020,7/9/2020,8/24/2020,7/9/2020,8/17/2020,8/24/2020,8/24/2020,8/24/2020,8/24/2020,8/24/2020
4500434392,1,853079,Scotland,PROJ079,OPERATOR AA,109500,NOK,7/6/2020,1,7/9/2020,7/9/2020,,7/9/2020,9/2/2020,7/9/2020,8/25/2020,8/26/2020,9/2/2020,9/2/2020,9/2/2020,9/2/2020
829486,1,853080,Brasil,PROJ080,OPERATOR BB,10200,NOK,7/9/2020,0,7/9/2020,7/9/2020,7/9/2020,7/9/2020,8/28/2020,7/9/2020,8/7/2020,8/7/2020,7/9/2020,8/28/2020,8/28/2020,7/9/2020
829487,1,853081,Brasil,PROJ081,OPERATOR CC,101800,NOK,7/9/2020,0,7/9/2020,7/9/2020,7/9/2020,7/9/2020,8/28/2020,7/9/2020,8/7/2020,8/7/2020,8/28/2020,8/28/2020,8/28/2020,8/28/2020
4500433675,2,853082,Texas,PROJ082,OPERATOR DD,24000,NOK,7/2/2020,2,7/9/2020,7/9/2020,,7/9/2020,8/12/2020,7/9/2020,8/10/2020,8/11/2020,8/11/2020,8/11/2020,8/12/2020,8/12/2020
4500901366,0,853083,Brasil,PROJ083,OPERATOR EE,745866,NOK,7/3/2020,2,7/9/2020,7/9/2020,,7/10/2020,8/24/2020,7/15/2020,8/6/2020,8/13/2020,8/13/2020,8/13/2020,8/24/2020,8/24/2020
45080192,1,853084,Brasil,PROJ084,OPERATOR FF,44261,NOK,7/9/2020,1,7/13/2020,7/13/2020,7/13/2020,7/13/2020,7/17/2020,7/13/2020,7/14/2020,7/17/2020,7/17/2020,7/17/2020,7/17/2020,7/17/2020
4512796984,2,853085,Sweden,PROJ085,OPERATOR GG,213400,NOK,7/13/2020,2,7/13/2020,7/13/2020,7/13/2020,7/13/2020,8/7/2020,7/13/2020,8/10/2020,11/11/2020,8/7/2020,8/7/2020,8/7/2020,8/7/2020
4512799266,0,853086,Sweden,PROJ086,OPERATOR EE,84000,NOK,7/13/2020,1,7/13/2020,7/13/2020,7/14/2020,7/14/2020,8/27/2020,8/19/2020,8/27/2020,8/27/2020,8/27/2020,8/27/2020,8/27/2020,8/27/2020
4500436789,1,853087,Scotland,PROJ087,OPERATOR FF,258516,NOK,7/14/2020,2,7/14/2020,7/14/2020,,9/2/2020,11/12/2020,9/2/2020,11/11/2020,11/11/2020,11/16/2020,11/16/2020,11/16/2020,11/16/2020
829507,1,853088,Brasil,PROJ088,OPERATOR GG,27200,NOK,7/17/2020,0,7/17/2020,7/17/2020,7/17/2020,7/17/2020,7/17/2020,7/17/2020,7/17/2020,7/17/2020,7/17/2020,7/17/2020,7/17/2020,7/17/2020
4500440705,2,853089,Texas,PROJ089,OPERATOR AA,335920,NOK,7/28/2020,1,8/10/2020,8/10/2020,8/18/2020,8/18/2020,8/19/2020,8/18/2020,8/19/2020,8/19/2020,8/18/2020,8/19/2020,8/24/2020,8/24/2020
35429534,1,853090,UK,PROJ090,OPERATOR BB,14935,NOK,7/20/2020,1,8/10/2020,8/10/2020,,8/10/2020,9/1/2020,8/11/2020,8/19/2020,8/26/2020,9/1/2020,9/1/2020,9/1/2020,9/1/2020
35429535,1,853091,UK,PROJ091,OPERATOR CC,14935,NOK,7/20/2020,1,8/10/2020,8/10/2020,,8/10/2020,9/1/2020,8/11/2020,8/19/2020,8/26/2020,9/1/2020,9/1/2020,9/1/2020,9/1/2020
35429536,1,853092,UK,PROJ092,OPERATOR DD,14935,NOK,7/20/2020,1,8/10/2020,8/10/2020,,8/10/2020,9/1/2020,8/11/2020,8/19/2020,8/26/2020,9/1/2020,9/1/2020,9/1/2020,9/1/2020
35429537,1,853093,UK,PROJ093,OPERATOR EE,14935,NOK,7/20/2020,1,8/10/2020,8/10/2020,,8/10/2020,9/1/2020,8/11/2020,8/19/2020,8/26/2020,9/1/2020,9/1/2020,9/1/2020,9/1/2020
35429538,1,853094,UK,PROJ094,OPERATOR FF,14847,NOK,7/20/2020,1,8/10/2020,8/10/2020,,8/10/2020,9/1/2020,8/11/2020,8/19/2020,8/26/2020,9/1/2020,9/1/2020,9/1/2020,9/1/2020
4500902765,1,853095,Brasil,PROJ095,OPERATOR GG,295400,NOK,8/10/2020,2,8/10/2020,8/10/2020,,8/12/2020,8/27/2020,8/12/2020,8/13/2020,9/24/2020,8/31/2020,8/31/2020,8/31/2020,8/31/2020
829573,1,853096,Brasil,PROJ096,OPERATOR EE,10000,NOK,8/11/2020,2,8/11/2020,8/11/2020,,8/13/2020,8/31/2020,8/13/2020,8/17/2020,8/17/2020,8/31/2020,8/31/2020,8/31/2020,10/26/2020
4500442896,1,853097,Brasil,PROJ097,OPERATOR FF,10000,NOK,8/5/2020,2,8/10/2020,8/10/2020,,8/13/2020,8/13/2020,8/17/2020,8/17/2020,9/16/2020,8/13/2020,9/2/2020,9/2/2020,8/17/2020
284,1,853098,Brasil,PROJ098,OPERATOR GG,10800,NOK,8/13/2020,0,8/14/2020,8/14/2020,8/25/2020,8/25/2020,8/25/2020,8/25/2020,8/25/2020,8/25/2020,8/25/2020,8/25/2020,8/25/2020,8/25/2020
4500444092,1,853099,China,PROJ099,OPERATOR AA,3945071,NOK,8/10/2020,2,8/10/2020,8/10/2020,,8/24/2020,9/1/2020,8/25/2020,8/26/2020,8/28/2020,9/1/2020,9/1/2020,9/1/2020,9/1/2020
223478,1,853100,Brasil,PROJ100,OPERATOR BB,131472,NOK,8/17/2020,1,8/18/2020,8/18/2020,8/25/2020,8/25/2020,9/1/2020,8/25/2020,8/28/2020,9/2/2020,8/31/2020,9/1/2020,9/1/2020,8/31/2020
829571,1,853101,Brasil,PROJ101,OPERATOR CC,79647,NOK,8/10/2020,2,8/11/2020,8/11/2020,8/25/2020,8/25/2020,8/31/2020,8/25/2020,8/27/2020,8/27/2020,8/31/2020,8/31/2020,8/31/2020,8/31/2020
45080327,1,853102,Brasil,PROJ102,OPERATOR DD,224968,NOK,7/21/2020,2,8/12/2020,8/12/2020,8/25/2020,8/25/2020,9/18/2020,8/25/2020,9/16/2020,9/16/2020,9/18/2020,9/18/2020,9/18/2020,9/18/2020
27191,1,853103,Brasil,PROJ103,OPERATOR EE,82500,NOK,8/18/2020,0,8/24/2020,8/24/2020,8/25/2020,8/25/2020,8/25/2020,8/25/2020,8/27/2020,9/8/2020,8/25/2020,8/25/2020,8/25/2020,8/25/2020
4500448531,2,853104,Brasil,PROJ104,OPERATOR FF,23800,NOK,8/25/2020,1,8/25/2020,8/25/2020,,8/27/2020,8/27/2020,8/27/2020,9/1/2020,9/1/2020,8/31/2020,8/31/2020,8/31/2020,8/31/2020
4500445996,1,853105,Texas,PROJ105,OPERATOR GG,682000,NOK,8/17/2020,2,8/25/2020,8/25/2020,,8/31/2020,9/10/2020,9/2/2020,9/2/2020,9/8/2020,9/8/2020,9/9/2020,9/9/2020,9/10/2020
4500447718,2,853106,Texas,PROJ106,OPERATOR EE,283153,NOK,8/21/2020,2,8/25/2020,8/25/2020,8/28/2020,8/28/2020,10/28/2020,8/28/2020,10/8/2020,10/26/2020,10/26/2020,10/27/2020,10/28/2020,10/26/2020
219518,1,853107,Germany,PROJ107,OPERATOR FF,301178,NOK,8/26/2020,2,8/26/2020,8/26/2020,8/31/2020,8/31/2020,9/10/2020,9/2/2020,9/4/2020,9/9/2020,9/10/2020,9/10/2020,9/10/2020,9/10/2020
4500449460,2,853108,Spain,PROJ108,OPERATOR GG,156920,NOK,8/27/2020,2,9/3/2020,9/3/2020,,9/3/2020,9/8/2020,9/4/2020,9/4/2020,9/8/2020,9/8/2020,9/8/2020,9/8/2020,9/8/2020
20788,1,853109,Germany,PROJ109,OPERATOR AA,70668,NOK,9/3/2020,2,9/4/2020,9/4/2020,9/7/2020,9/7/2020,9/14/2020,9/7/2020,9/10/2020,9/11/2020,9/11/2020,9/14/2020,9/14/2020,9/14/2020
829660,2,853110,Brasil,PROJ110,OPERATOR BB,38000,NOK,9/7/2020,2,9/7/2020,9/7/2020,9/8/2020,9/8/2020,9/14/2020,9/8/2020,9/9/2020,9/9/2020,9/10/2020,9/10/2020,9/10/2020,9/10/2020
4512844087,0,853111,Sweden,PROJ111,OPERATOR CC,3990269,NOK,9/9/2020,2,9/10/2020,9/10/2020,9/11/2020,9/11/2020,11/11/2020,9/11/2020,9/15/2020,10/21/2020,11/11/2020,11/11/2020,11/11/2020,11/11/2020
4512853249,0,853112,Sweden,PROJ112,OPERATOR DD,82800,NOK,9/11/2020,0,9/14/2020,9/14/2020,,9/14/2020,9/15/2020,9/15/2020,9/15/2020,9/15/2020,9/15/2020,9/16/2020,9/16/2020,9/16/2020
4512853005,5,853113,Sweden,PROJ113,OPERATOR EE,157694,NOK,10/28/2020,1,10/29/2020,10/29/2020,11/3/2020,11/3/2020,11/24/2020,11/3/2020,11/11/2020,11/11/2020,11/3/2020,11/11/2020,11/24/2020,11/24/2020
4500454109,3,853114,Brasil,PROJ114,OPERATOR FF,90000,NOK,9/11/2020,2,9/15/2020,9/15/2020,,9/17/2020,9/21/2020,9/17/2020,9/21/2020,9/21/2020,9/17/2020,9/17/2020,9/17/2020,9/21/2020
4500453652,2,853115,Spain,PROJ115,OPERATOR GG,33500,NOK,9/10/2020,1,9/15/2020,9/15/2020,,9/15/2020,9/15/2020,9/15/2020,9/15/2020,9/15/2020,9/15/2020,9/17/2020,9/17/2020,9/17/2020
4500452385,1,853116,China,PROJ116,OPERATOR EE,518100,NOK,9/7/2020,1,9/15/2020,9/15/2020,,9/15/2020,9/30/2020,9/24/2020,9/24/2020,9/25/2020,9/28/2020,9/28/2020,9/28/2020,9/30/2020
7625,1,853117,Germany,PROJ117,OPERATOR FF,98720,NOK,9/10/2020,2,9/14/2020,9/14/2020,9/16/2020,9/16/2020,9/23/2020,9/16/2020,9/17/2020,9/22/2020,9/23/2020,9/23/2020,9/23/2020,9/23/2020
4500904636,0,853118,Scotland,PROJ118,OPERATOR GG,802424,NOK,9/15/2020,1,9/15/2020,9/15/2020,9/16/2020,9/16/2020,9/22/2020,9/17/2020,9/17/2020,9/21/2020,9/22/2020,9/22/2020,9/22/2020,9/22/2020
4500453770,1,853119,Spain,PROJ119,OPERATOR AA,4530000,NOK,9/11/2020,2,9/15/2020,9/15/2020,,9/16/2020,11/16/2020,9/22/2020,10/12/2020,10/31/2020,11/16/2020,11/16/2020,11/16/2020,11/16/2020
4500906233,0,853120,Germany,PROJ120,OPERATOR BB,563389,NOK,9/16/2020,2,9/16/2020,9/16/2020,,9/16/2020,9/22/2020,9/17/2020,9/18/2020,9/18/2020,9/21/2020,9/21/2020,9/21/2020,9/22/2020
4512848389,0,853121,Sweden,PROJ121,OPERATOR CC,3133507,NOK,9/14/2020,2,9/16/2020,9/16/2020,9/17/2020,9/17/2020,11/24/2020,9/17/2020,9/17/2020,11/18/2020,11/24/2020,11/24/2020,11/24/2020,11/24/2020
4500455486,2,853122,Spain,PROJ122,OPERATOR DD,11600,NOK,9/16/2020,1,9/16/2020,9/16/2020,,9/16/2020,9/17/2020,9/16/2020,9/17/2020,9/17/2020,9/16/2020,9/16/2020,9/17/2020,9/17/2020
829729,1,853123,Brasil,PROJ123,OPERATOR EE,64800,NOK,9/18/2020,0,9/21/2020,9/21/2020,9/21/2020,9/21/2020,10/14/2020,9/21/2020,9/21/2020,9/21/2020,10/14/2020,10/14/2020,10/14/2020,10/14/2020
829732,1,853124,Brasil,PROJ124,OPERATOR FF,15600,NOK,9/21/2020,0,9/21/2020,9/21/2020,9/21/2020,9/21/2020,9/22/2020,9/21/2020,9/21/2020,9/21/2020,9/22/2020,9/22/2020,9/22/2020,9/22/2020
4500456380,7,853125,Brasil,PROJ125,OPERATOR GG,492646,NOK,11/5/2020,1,11/11/2020,11/11/2020,,11/16/2020,11/18/2020,11/16/2020,11/16/2020,11/18/2020,11/18/2020,11/18/2020,11/18/2020,11/18/2020
4512391486,1,853126,Germany,PROJ126,OPERATOR EE,220171.14,NOK,9/17/2020,2,9/17/2020,9/17/2020,9/21/2020,9/21/2020,9/30/2020,9/21/2020,9/24/2020,9/25/2020,9/29/2020,9/30/2020,9/30/2020,9/29/2020
30032791,0,853127,Germany,PROJ127,OPERATOR FF,18866,EUR,9/21/2020,2,9/22/2020,9/22/2020,9/24/2020,9/24/2020,10/27/2020,10/2/2020,10/2/2020,10/2/2020,10/14/2020,10/27/2020,10/27/2020,10/27/2020
4512865191,4,853128,Sweden,PROJ128,OPERATOR GG,190134,NOK,10/30/2020,1,11/2/2020,11/3/2020,11/4/2020,11/4/2020,11/12/2020,11/4/2020,11/11/2020,11/11/2020,11/11/2020,11/11/2020,11/12/2020,11/11/2020
207906,1,853129,France,PROJ129,OPERATOR AA,170100,NOK,9/28/2020,0,9/29/2020,9/29/2020,9/29/2020,9/29/2020,11/11/2020,11/11/2020,11/11/2020,11/11/2020,11/11/2020,11/11/2020,11/11/2020,11/11/2020
4512865943,1,853130,Sweden,PROJ130,OPERATOR BB,1025064,NOK,9/29/2020,2,9/30/2020,9/30/2020,9/30/2020,9/30/2020,10/19/2020,10/2/2020,10/9/2020,10/9/2020,10/19/2020,10/19/2020,10/19/2020,10/19/2020
4500908511,0,853131,Germany,PROJ131,OPERATOR CC,64000,NOK,9/25/2020,2,9/30/2020,9/30/2020,,10/1/2020,11/6/2020,10/21/2020,11/5/2020,11/5/2020,11/16/2020,11/6/2020,11/6/2020,11/16/2020
4512870044,1,853132,Sweden,PROJ132,OPERATOR DD,566416,NOK,9/30/2020,1,9/30/2020,10/7/2020,10/8/2020,10/8/2020,11/3/2020,10/8/2020,10/30/2020,10/30/2020,11/3/2020,11/3/2020,11/3/2020,11/3/2020
829762,1,853133,Brasil,PROJ133,OPERATOR EE,15300,NOK,9/29/2020,0,9/29/2020,9/29/2020,,9/30/2020,10/9/2020,9/30/2020,10/12/2020,10/15/2020,9/30/2020,10/1/2020,10/9/2020,10/1/2020
445605864,0,853134,Germany,PROJ134,OPERATOR FF,221865,NOK,9/29/2020,2,9/29/2020,10/7/2020,10/12/2020,10/12/2020,11/5/2020,10/12/2020,11/11/2020,11/11/2020,11/5/2020,11/5/2020,11/5/2020,11/5/2020
4500457229,1,853135,Germany,PROJ135,OPERATOR GG,20000,NOK,10/1/2020,2,10/1/2020,10/1/2020,,10/14/2020,10/22/2020,10/16/2020,10/19/2020,10/19/2020,10/22/2020,10/22/2020,10/22/2020,10/22/2020
4500461605,3,853136,Spain,PROJ136,OPERATOR EE,347256,NOK,10/6/2020,1,10/15/2020,10/15/2020,,10/15/2020,10/23/2020,10/16/2020,10/19/2020,11/11/2020,10/22/2020,10/23/2020,10/23/2020,10/23/2020
4500461624,2,853137,Brasil,PROJ137,OPERATOR FF,409772,NOK,10/6/2020,2,10/15/2020,10/15/2020,,10/15/2020,10/26/2020,10/16/2020,10/19/2020,10/23/2020,10/26/2020,10/26/2020,10/26/2020,10/26/2020
829822,1,853138,Brasil,PROJ138,OPERATOR GG,75700,NOK,10/13/2020,0,10/13/2020,10/13/2020,10/19/2020,10/19/2020,11/11/2020,10/19/2020,10/21/2020,10/21/2020,11/11/2020,11/11/2020,11/11/2020,11/11/2020
45081372,1,853139,Germany,PROJ139,OPERATOR AA,191096,NOK,10/15/2020,1,10/16/2020,10/16/2020,10/20/2020,10/20/2020,10/22/2020,10/20/2020,10/20/2020,10/21/2020,10/22/2020,10/22/2020,10/22/2020,10/22/2020
208525,1,853140,France,PROJ140,OPERATOR BB,276000,NOK,10/14/2020,0,10/15/2020,10/15/2020,10/20/2020,10/20/2020,11/11/2020,10/20/2020,10/20/2020,10/20/2020,10/20/2020,11/11/2020,11/11/2020,10/20/2020
208526,1,853141,France,PROJ141,OPERATOR CC,1052000,NOK,10/14/2020,0,10/15/2020,10/15/2020,10/20/2020,10/20/2020,11/11/2020,10/20/2020,10/20/2020,10/20/2020,10/20/2020,11/11/2020,12/18/2020,10/20/2020
208527,1,853142,France,PROJ142,OPERATOR DD,1757000,NOK,10/14/2020,0,10/15/2020,10/15/2020,10/21/2020,10/21/2020,11/11/2020,10/21/2020,10/21/2020,10/21/2020,10/21/2020,11/11/2020,11/11/2020,10/21/2020
208528,1,853143,France,PROJ143,OPERATOR EE,1093000,NOK,10/14/2020,0,10/15/2020,10/15/2020,10/22/2020,10/22/2020,11/11/2020,10/22/2020,10/22/2020,10/22/2020,10/22/2020,10/22/2020,11/11/2020,10/22/2020
208529,1,853144,France,PROJ144,OPERATOR FF,1757000,NOK,10/14/2020,0,10/15/2020,10/15/2020,10/22/2020,10/22/2020,11/11/2020,10/22/2020,10/22/2020,10/22/2020,10/22/2020,11/11/2020,11/11/2020,10/22/2020
208530,1,853145,France,PROJ145,OPERATOR GG,1093000,NOK,10/14/2020,0,10/15/2020,10/15/2020,10/23/2020,10/23/2020,11/11/2020,10/23/2020,10/23/2020,10/23/2020,10/23/2020,11/11/2020,11/11/2020,10/23/2020
208531,1,853146,France,PROJ146,OPERATOR EE,1757000,NOK,10/14/2020,0,10/15/2020,10/15/2020,10/23/2020,10/23/2020,11/11/2020,10/23/2020,10/23/2020,10/23/2020,10/23/2020,11/11/2020,11/11/2020,10/23/2020
4500462429,1,853147,Scotland,PROJ147,OPERATOR FF,2672600,NOK,10/12/2020,2,10/15/2020,10/15/2020,,10/23/2020,11/4/2020,10/23/2020,10/26/2020,10/30/2020,11/4/2020,11/3/2020,11/3/2020,11/4/2020
208532,1,853148,France,PROJ148,OPERATOR GG,1052000,NOK,10/14/2020,0,10/15/2020,10/15/2020,10/23/2020,10/23/2020,11/11/2020,10/23/2020,10/23/2020,10/23/2020,10/23/2020,11/11/2020,11/11/2020,10/23/2020
829854,1,853149,Brasil,PROJ149,OPERATOR AA,58000,NOK,10/22/2020,0,10/22/2020,10/22/2020,10/25/2020,10/25/2020,11/11/2020,10/25/2020,10/25/2020,10/25/2020,10/25/2020,11/11/2020,11/11/2020,10/25/2020
4590228134,1,853150,Germany,PROJ150,OPERATOR BB,541197,NOK,9/10/2020,2,10/2/2020,10/2/2020,10/7/2020,10/7/2020,10/29/2020,10/8/2020,10/8/2020,10/28/2020,10/28/2020,10/29/2020,10/29/2020,10/29/2020
4500911001,0,853151,Germany,PROJ151,OPERATOR CC,1831029,NOK,10/21/2020,2,10/27/2020,10/27/2020,,10/27/2020,11/23/2020,10/28/2020,11/2/2020,11/20/2020,11/23/2020,11/23/2020,11/23/2020,11/23/2020
4500466580,2,853152,Spain,PROJ152,OPERATOR DD,949465,NOK,10/26/2020,1,10/27/2020,10/27/2020,,10/28/2020,11/4/2020,11/2/2020,11/2/2020,11/2/2020,11/4/2020,11/3/2020,11/4/2020,11/4/2020
4500467885,3,853153,Brasil,PROJ153,OPERATOR EE,90000,NOK,10/27/2020,2,10/28/2020,10/28/2020,,10/29/2020,11/16/2020,11/5/2020,11/9/2020,11/25/2020,11/16/2020,11/16/2020,11/16/2020,11/16/2020
829881,1,853154,Brasil,PROJ154,OPERATOR FF,20400,NOK,10/29/2020,0,10/30/2020,10/30/2020,10/30/2020,10/30/2020,11/11/2020,10/30/2020,10/30/2020,11/24/2020,10/30/2020,11/11/2020,11/11/2020,10/30/2020
4500470049,4,853155,Spain,PROJ155,OPERATOR GG,1027200,NOK,11/18/2020,1,11/19/2020,11/19/2020,,11/23/2020,11/23/2020,11/23/2020,11/23/2020,11/23/2020,11/23/2020,11/23/2020,11/23/2020,11/23/2020
829912,1,853156,Brasil,PROJ156,OPERATOR EE,7300,NOK,11/6/2020,0,11/6/2020,11/6/2020,11/9/2020,11/9/2020,11/9/2020,11/9/2020,11/9/2020,11/26/2020,11/9/2020,11/9/2020,11/9/2020,11/9/2020
4512899270,0,853157,Sweden,PROJ157,OPERATOR FF,85700,NOK,10/30/2020,1,11/2/2020,11/2/2020,11/6/2020,11/6/2020,11/12/2020,11/6/2020,11/11/2020,11/11/2020,11/11/2020,11/11/2020,11/12/2020,11/11/2020
460323954,0,853158,Germany,PROJ158,OPERATOR GG,448341,NOK,11/5/2020,2,11/5/2020,11/5/2020,,11/9/2020,11/25/2020,11/10/2020,11/11/2020,11/23/2020,11/25/2020,11/25/2020,11/25/2020,11/26/2020
4512909000,0,853159,Sweden,PROJ159,OPERATOR AA,34500,NOK,11/11/2020,0,11/11/2020,11/11/2020,,11/11/2020,11/12/2020,11/12/2020,11/18/2020,11/18/2020,11/12/2020,11/16/2020,11/16/2020,11/16/2020
209672,1,853160,France,PROJ160,OPERATOR BB,31800,NOK,11/9/2020,0,11/10/2020,11/10/2020,11/12/2020,11/12/2020,11/24/2020,11/12/2020,11/12/2020,11/12/2020,11/24/2020,11/24/2020,11/24/2020,11/24/2020
4500475699,1,853161,Brasil,PROJ161,OPERATOR CC,66248,NOK,11/19/2020,2,11/20/2020,11/20/2020,,11/23/2020,11/25/2020,11/25/2020,11/25/2020,11/25/2020,11/25/2020,11/25/2020,11/25/2020,11/25/2020
4512919957,0,853162,Sweden,PROJ162,OPERATOR DD,331200,NOK,11/20/2020,0,11/20/2020,11/23/2020,11/24/2020,11/24/2020,11/24/2020,11/24/2020,11/24/2020,11/24/2020,11/24/2020,11/24/2020,11/24/2020,11/24/2020
45082021,1,853163,Germany,PROJ163,OPERATOR EE,673750,NOK,11/23/2020,2,11/24/2020,11/24/2020,11/24/2020,11/24/2020,12/3/2020,11/24/2020,11/25/2020,12/1/2020,12/3/2020,12/3/2020,12/3/2020,12/3/2020
4512919959,0,853164,Sweden,PROJ164,OPERATOR FF,20700,NOK,11/20/2020,0,11/20/2020,11/23/2020,11/25/2020,11/25/2020,11/26/2020,11/25/2020,11/25/2020,11/25/2020,11/25/2020,11/25/2020,11/25/2020,11/25/2020
829982,1,853165,Brasil,PROJ165,OPERATOR GG,299748,NOK,11/25/2020,2,11/25/2020,11/26/2020,11/26/2020,11/26/2020,12/3/2020,11/26/2020,12/1/2020,12/1/2020,12/3/2020,12/3/2020,12/3/2020,12/3/2020
4512919958,0,853166,Sweden,PROJ166,OPERATOR EE,82800,NOK,11/20/2020,0,11/20/2020,11/23/2020,11/26/2020,11/26/2020,12/18/2020,11/26/2020,11/26/2020,11/26/2020,11/26/2020,11/26/2020,12/18/2020,12/18/2020
4500477815,1,853167,China,PROJ167,OPERATOR FF,12650,NOK,11/26/2020,2,12/7/2020,12/7/2020,,12/15/2020,12/15/2020,12/15/2020,12/15/2020,12/15/2020,12/15/2020,12/15/2020,12/15/2020,12/15/2020
45082161,1,853168,Germany,PROJ168,OPERATOR GG,22808,NOK,12/3/2020,2,12/4/2020,12/4/2020,12/4/2020,12/4/2020,12/18/2020,12/4/2020,12/4/2020,12/4/2020,12/18/2020,12/18/2020,12/18/2020,12/18/2020
830014,1,853169,Brasil,PROJ169,OPERATOR AA,65115,NOK,12/4/2020,2,12/4/2020,12/4/2020,12/7/2020,12/7/2020,12/11/2020,12/7/2020,12/8/2020,12/11/2020,12/11/2020,12/11/2020,12/11/2020,12/11/2020
4500479346,1,853170,Scotland,PROJ170,OPERATOR BB,1000,NOK,12/4/2020,2,12/7/2020,12/7/2020,,12/9/2020,12/17/2020,12/17/2020,12/17/2020,12/17/2020,12/17/2020,12/17/2020,12/17/2020,12/17/2020
2032702,1,853171,Germany,PROJ171,OPERATOR CC,20000,NOK,11/20/2020,2,12/8/2020,12/8/2020,,12/9/2020,,12/9/2020,12/16/2020,12/16/2020,12/15/2020,12/9/2020,12/15/2020,12/15/2020
4500915273,4,853172,Germany,PROJ172,OPERATOR DD,102749,NOK,12/7/2020,2,12/7/2020,12/7/2020,,12/9/2020,12/14/2020,12/9/2020,12/11/2020,12/15/2020,12/14/2020,12/14/2020,12/14/2020,12/14/2020
4512936812,0,853173,Sweden,PROJ173,OPERATOR EE,45000,NOK,12/8/2020,1,12/8/2020,12/9/2020,12/9/2020,12/10/2020,12/18/2020,12/10/2020,12/11/2020,12/11/2020,12/18/2020,12/18/2020,12/18/2020,12/18/2020
4230011850,1,853174,Germany,PROJ174,OPERATOR FF,1358400,NOK,12/10/2020,1,12/10/2020,12/10/2020,,12/10/2020,12/17/2020,12/10/2020,12/11/2020,12/15/2020,12/14/2020,12/14/2020,12/14/2020,12/14/2020
211173,1,853175,France,PROJ175,OPERATOR GG,128100,NOK,12/15/2020,0,12/16/2020,12/16/2020,12/17/2020,12/17/2020,12/17/2020,12/17/2020,12/17/2020,12/17/2020,12/17/2020,12/17/2020,12/17/2020,12/17/2020
830051,1,853176,Brasil,PROJ176,OPERATOR EE,31200,NOK,12/16/2020,1,12/16/2020,12/16/2020,12/17/2020,12/17/2020,12/18/2020,12/18/2020,12/18/2020,12/18/2020,12/17/2020,12/18/2020,12/18/2020,12/17/2020
